Name,Type,Bloom_Period,Harvest_Period,Fertility,Use,Origin,Source_URL
Akane,Apple,Midseason,Early,Needs pollinator,Eating Fresh; Espalier; Pies,Japan 1937,https://www.treesofantiquity.com/products/akane-apple-origin-japan-1937
Alexander,Apple,Midseason,Midseason,Needs pollinator,Cooking/Sauce; Eating Fresh; Espalier; Pies; Sweet Cider,Russia early 1800`s,https://www.treesofantiquity.com/products/alexander-apple-tree-russia-1817
Allington Pippin,Apple,Midseason,Late,Needs pollinator,Cooking/Sauce; Eating Fresh; Espalier; Pies,England 1894,https://www.treesofantiquity.com/products/allington-pippin-apple-tree
Amberoso Apple,Apple,Midseason,Late,Needs pollinator,Eating Fresh; Espalier; Pies,"Ettersburg, CA 1900's",https://www.treesofantiquity.com/products/amberoso-apple-tree
Amere de Berthcourt,Apple,Midseason,Midseason,Needs pollinator,Hard Cider,France 1800's,https://www.treesofantiquity.com/products/amere-de-berthcourt-apple-tree
Ananas Reinette,Apple,Midseason,Late,Needs pollinator,Cooking/Sauce; Eating Fresh; Espalier; Pies; Sweet Cider,France 1500's,https://www.treesofantiquity.com/products/ananas-reinette-apple-tree
Anna,Apple,Very Early,Very Early,Self-fertile,Eating Fresh; Espalier; Sweet Cider,Israel 1960's,https://www.treesofantiquity.com/products/anna-apple-tree
Antonovka,Apple,Midseason,Late,Needs pollinator,Cooking/Sauce; Eating Fresh; Espalier; Pies; Sweet Cider,Russia 1826,https://www.treesofantiquity.com/products/antonovka-apple-tree
Api Etoile,Apple,Midseason,Very Late,Needs pollinator,Cooking/Sauce; Eating Fresh; Sweet Cider,Switzerland 1600's,https://www.treesofantiquity.com/products/api-etoile-apple-tree
Arkansas Black,Apple,Late,Very Late,Needs pollinator,Eating Fresh; Espalier; Pies; Sweet Cider,Arkansas 1886,https://www.treesofantiquity.com/products/arkansas-black-apple-tree
Arlet,Apple,Midseason,Midseason,Needs pollinator,Eating Fresh; Pies; Sweet Cider,Switzerland 1960,https://www.treesofantiquity.com/products/arlet-apple-tree
Ashmead's Kernel,Apple,Late,Late,Needs pollinator,Cooking/Sauce; Eating Fresh; Espalier; Sweet Cider,England 1700's,https://www.treesofantiquity.com/products/ashmeads-kernel-apple
Atalanta's Gold,Apple,Midseason,Midseason,Needs pollinator,Eating Fresh; Espalier; Pies,"Ettersburg, CA 1900's",https://www.treesofantiquity.com/products/copy-of-eden-apple-tree-1
Belle de Boskoop,Apple,Midseason,Late,Needs pollinator (triploid),Cooking/Sauce; Eating Fresh; Espalier; Pies; Sweet Cider,Holland 1856,https://www.treesofantiquity.com/products/belle-de-boskoop-apple
Bethel,Apple,Late,Late,Needs pollinator,Cooking/Sauce; Eating Fresh; Pies; Sweet Cider,Vermont 1855,https://www.treesofantiquity.com/products/bethel-apple-tree
Black Gilliflower,Apple,Midseason,Late,Needs pollinator (triploid),Eating Fresh; Espalier; Sweet Cider,Connecticut 1700's,https://www.treesofantiquity.com/products/black-gilliflower-apple
Black Limbertwig,Apple,Late,Very Late,Needs pollinator,Cooking/Sauce; Eating Fresh; Espalier; Pies; Sweet Cider,Georgia 1800's,https://www.treesofantiquity.com/products/black-limbertwig
Black Oxford,Apple,Midseason,Early,Needs pollinator,Cooking/Sauce; Eating Fresh; Espalier; Pies; Sweet Cider,Maine 1790,https://www.treesofantiquity.com/products/black-oxford-apple
Black Twig,Apple,Late,Late,Needs pollinator,Cooking/Sauce; Eating Fresh; Pies; Sweet Cider,Tennessee 1830's,https://www.treesofantiquity.com/products/black-twig-apple
Blue Pearmain,Apple,Late,Late,Needs pollinator,Eating Fresh; Pies; Sweet Cider,New England 1800's,https://www.treesofantiquity.com/products/blue-pearmain-apple
Braeburn,Apple,Midseason,Late,Self-fertile,Eating Fresh; Espalier; Pies; Sweet Cider,New Zealand 1952,https://www.treesofantiquity.com/products/braeburn-apple-tree
Bramley Seedling,Apple,Late,Late,Needs pollinator (triploid),Cooking/Sauce; Eating Fresh; Espalier; Pies; Sweet Cider,England 1809,https://www.treesofantiquity.com/products/bramley-seedling-apple
Bramtot,Apple,Midseason,Midseason,Needs pollinator,Espalier; Hard Cider,France 1872,https://www.treesofantiquity.com/products/bramtot-apple-tree
Brown Snout,Apple,Late,Late,Self-fertile,Espalier; Hard Cider,England 1850's,https://www.treesofantiquity.com/products/brown-snout-apple-tree
Brown's Cider,Apple,Midseason,Late,Needs pollinator,Espalier,England 1900's,https://www.treesofantiquity.com/products/browns-cider-apple
Bullock,Apple,Midseason,Midseason,Needs pollinator,Eating Fresh; Hard Cider,New Jersey 1700's,https://www.treesofantiquity.com/products/bullock-apple-tree
Burford Red Flesh,Apple,Midseason,Midseason,Needs pollinator,Cooking/Sauce; Pies; Sweet Cider,Georgia 1800's,https://www.treesofantiquity.com/products/burford-red-flesh
Calville Blanc,Apple,Late,Very Late,Needs pollinator,Eating Fresh; Espalier; Pies; Sweet Cider,France 1598,https://www.treesofantiquity.com/products/calville-blanc-apple
Calville Rouge,Apple,Midseason,Midseason,Needs pollinator,Eating Fresh; Pies; Sweet Cider,France 1670,https://www.treesofantiquity.com/products/calville-rouge
Campfield,Apple,Midseason,Late,Needs pollinator,Hard Cider,New Jersey 1817,https://www.treesofantiquity.com/products/campfield-apple-tree
Chisel Jersey,Apple,Late,Late,Needs pollinator,Hard Cider,England 1900's,https://www.treesofantiquity.com/products/chisel-jersey-apple-1
Christmas Pink,Apple,Midseason,Very Late,Needs pollinator,Eating Fresh; Espalier; Pies,"Ettersburg, CA 1900's",https://www.treesofantiquity.com/products/christmas-pink-apple
Cinnamon Spice,Apple,Midseason,Midseason,Needs pollinator,Cooking/Sauce; Eating Fresh; Sweet Cider,England 1931,https://www.treesofantiquity.com/products/cinnamon-spice-apple-tree
Claygate Pearmain,Apple,Midseason,Late,Needs pollinator,Cooking/Sauce; Eating Fresh; Sweet Cider,England 1821,https://www.treesofantiquity.com/products/claygate-pearmain
Cornish Gilliflower,Apple,Midseason,Very Late,Needs pollinator,Cooking/Sauce; Eating Fresh; Espalier; Sweet Cider,England 1700's,https://www.treesofantiquity.com/products/cornish-gilliflower
Cortland,Apple,Midseason,Midseason,Needs pollinator,Cooking/Sauce; Eating Fresh; Sweet Cider,New York 1898,https://www.treesofantiquity.com/products/cortland-apple-tree
Court Pendu Plat,Apple,Very Late,Late,Self-fertile,Cooking/Sauce; Eating Fresh; Espalier; Sweet Cider,France 1613,https://www.treesofantiquity.com/products/court-pendu-plat
Cox Orange Pippin,Apple,Midseason,Midseason,Self-fertile,Cooking/Sauce; Eating Fresh; Espalier; Sweet Cider,England 1830,https://www.treesofantiquity.com/products/cox-orange-pippin
Crimson Gold,Apple,Midseason,Late,Needs pollinator,Cooking/Sauce; Eating Fresh; Pies; Sweet Cider,California 1920's,https://www.treesofantiquity.com/products/crimson-gold-apple
Crown Prince Rudolph,Apple,Midseason,Late,Needs pollinator,Cooking/Sauce; Eating Fresh; Espalier; Pies; Sweet Cider,Austria 1863,https://www.treesofantiquity.com/products/crown-prince-rudolph
D'Arcy Spice,Apple,Midseason,Late,Needs pollinator,Eating Fresh; Sweet Cider,England 1785,https://www.treesofantiquity.com/products/darcy-spice
Dabinett,Apple,Midseason,Very Late,Needs pollinator,Eating Fresh; Pies,England 1800's,https://www.treesofantiquity.com/products/dabinett-apple-tree
Davenport Russet,Apple,Midseason,Late,Needs pollinator,Eating Fresh; Sweet Cider,unknown,https://www.treesofantiquity.com/products/davenport-russet
Deaderick,Apple,Midseason,Late,Needs pollinator,Cooking/Sauce; Eating Fresh; Pies; Sweet Cider,Tennessee 1850,https://www.treesofantiquity.com/products/deaderick
Discovery,Apple,Midseason,Late,Needs pollinator,Cooking/Sauce; Eating Fresh; Espalier; Pies; Sweet Cider,England 1940's,https://www.treesofantiquity.com/products/wyken-pippin
Dolgo Crab,Apple,Early,Early,Self-fertile,Cooking/Sauce; Espalier; Hard Cider,South Dakota 1897,https://www.treesofantiquity.com/products/dolgo-crabapple
Dorsett Golden,Apple,Very Early,Very Early,Self-fertile,Cooking/Sauce; Eating Fresh; Espalier; Pies; Sweet Cider,Bahamas 1964,https://www.treesofantiquity.com/products/dorsett-golden-apple
Duchess of Oldenburg,Apple,Midseason,Very Early,Needs pollinator,Cooking/Sauce; Eating Fresh,Russia 1700,https://www.treesofantiquity.com/products/duchess-of-oldenburg
Eden,Apple,Midseason,Midseason,Needs pollinator,Eating Fresh; Espalier; Pies,"Ettersburg, CA 1900's",https://www.treesofantiquity.com/products/eden-apple-tree
Egremont Russet,Apple,Midseason,Late,Self-fertile,Eating Fresh; Sweet Cider,England 1872,https://www.treesofantiquity.com/products/egremont-russet-apple
Ellis Bitter,Apple,Late,Midseason,Needs pollinator,Hard Cider,England 1800's,https://www.treesofantiquity.com/products/ellis-bitter
Empire,Apple,Midseason,Late,Needs pollinator,Cooking/Sauce; Eating Fresh; Espalier; Sweet Cider,New York 1945,https://www.treesofantiquity.com/products/empire-apple-tree
Ernst Bosch,Apple,Midseason,Early,Needs pollinator,Cooking/Sauce; Eating Fresh; Espalier; Sweet Cider,Germany 1908,https://www.treesofantiquity.com/products/ernst-bosch-apple-tree
Fearns Pippin,Apple,Midseason,Midseason,Needs pollinator,Eating Fresh; Espalier; Pies; Sweet Cider,England 1780,https://www.treesofantiquity.com/products/fearns-pippin-apple-tree
Fireside,Apple,Midseason,Late,Needs pollinator,Cooking/Sauce; Eating Fresh; Pies; Sweet Cider,Minnesota 1943,https://www.treesofantiquity.com/products/fireside-apple-tree
Foxwhelp,Apple,Midseason,Late,Needs pollinator,Espalier; Hard Cider,England 1664,https://www.treesofantiquity.com/products/foxwhelp-apple-tree
Frauen Rotacher,Apple,Late,Very Late,Needs pollinator,Cooking/Sauce; Eating Fresh; Sweet Cider,Switzerland 1850,https://www.treesofantiquity.com/products/frauen-rotacher-apple
Freedom,Apple,Midseason,Late,Needs pollinator,Cooking/Sauce; Eating Fresh; Espalier; Pies; Sweet Cider,New York 1983,https://www.treesofantiquity.com/products/freedom-apple-tree
Fuji,Apple,Midseason,Very Late,Self-fertile,Cooking/Sauce; Eating Fresh; Espalier; Pies; Sweet Cider,Japan 1962,https://www.treesofantiquity.com/products/fuji-apple-tree
Gala,Apple,Midseason,Midseason,Self-fertile,Cooking/Sauce; Eating Fresh; Espalier; Pies; Sweet Cider,New Zealand 1965,https://www.treesofantiquity.com/products/gala-apple-tree
Glockenapfel,Apple,Midseason,Late,Needs pollinator,Cooking/Sauce; Eating Fresh; Espalier; Pies,Switzerland 1500's,https://www.treesofantiquity.com/products/glockenapfel-apple
Golden Delicious,Apple,Midseason,Late,Self-fertile,Cooking/Sauce; Eating Fresh; Espalier; Pies; Sweet Cider,West Virginia 1890,https://www.treesofantiquity.com/products/golden-delicious-apple
Golden Noble,Apple,Midseason,Late,Needs pollinator,Cooking/Sauce; Eating Fresh; Pies; Sweet Cider,England 1820,https://www.treesofantiquity.com/products/golden-noble-apple
Golden Nugget,Apple,Midseason,Late,Needs pollinator,Eating Fresh; Espalier; Sweet Cider,Nova Scotia 1943,https://www.treesofantiquity.com/products/golden-nugget-apple
Golden Pearmain,Apple,Midseason,Late,Needs pollinator,Cooking/Sauce; Eating Fresh; Espalier; Pies; Sweet Cider,North Carolina 1755,https://www.treesofantiquity.com/products/golden-pearmain-apple
Golden Reinette,Apple,Midseason,Late,Needs pollinator,Cooking/Sauce; Eating Fresh; Espalier; Pies; Sweet Cider,Europe 1600's,https://www.treesofantiquity.com/products/golden-reinette
Golden Russet,Apple,Midseason,Midseason,Needs pollinator,Eating Fresh; Espalier; Sweet Cider,New York prior to 1845,https://www.treesofantiquity.com/products/golden-russet-apple
Goldrush,Apple,Midseason,Late,Needs pollinator,Cooking/Sauce; Eating Fresh; Espalier; Pies; Sweet Cider,Indiana 1973,https://www.treesofantiquity.com/products/goldrush-apple-tree
Granniwinkle,Apple,Midseason,Very Late,Needs pollinator,Cooking/Sauce; Eating Fresh; Sweet Cider,New Jersey 1800's,https://www.treesofantiquity.com/products/granniwinkle-apple-tree
Granny Smith,Apple,Midseason,Very Late,Self-fertile,Cooking/Sauce; Eating Fresh; Espalier; Pies; Sweet Cider,Australia 1868,https://www.treesofantiquity.com/products/granny-smith-apple-tree
Gravenstein,Apple,Midseason,Early,Needs pollinator (triploid),Cooking/Sauce; Eating Fresh; Espalier; Pies; Sweet Cider,California 1800's,https://www.treesofantiquity.com/products/gravenstein-apple-tree
Grenadine,Apple,Midseason,Very Late,Needs pollinator,Eating Fresh; Espalier; Pies,"Ettersburg, CA 1900's",https://www.treesofantiquity.com/products/grenadine-apple-tree
Grimes Golden,Apple,Late,Late,Self-fertile,Cooking/Sauce; Eating Fresh; Espalier; Pies; Sweet Cider,West Virginia 1804,https://www.treesofantiquity.com/products/grimes-golden
Hanners Best,Apple,Midseason,Late,Needs pollinator,Cooking/Sauce; Eating Fresh; Espalier; Pies; Sweet Cider,Oregon 1958,https://www.treesofantiquity.com/products/hanners-best-apple
Harrison,Apple,Midseason,Late,Needs pollinator,Eating Fresh; Espalier; Hard Cider; Sweet Cider,New Jersey 1817,https://www.treesofantiquity.com/products/harrison-apple-tree
Harry Masters Jersey,Apple,Late,Late,Needs pollinator,Espalier,England 1800's,https://www.treesofantiquity.com/products/harry-master-jersey-apple
Hauer Pippin,Apple,Midseason,Very Late,Needs pollinator,Cooking/Sauce; Eating Fresh; Pies; Sweet Cider,California 1890's,https://www.treesofantiquity.com/products/hauer-pippin-apple
Hawaii,Apple,Midseason,Late,Needs pollinator,Eating Fresh; Espalier; Pies; Sweet Cider,California 1944,https://www.treesofantiquity.com/products/hawaii-apple-tree
Hawkeye,Apple,Midseason,Late,Needs pollinator,Eating Fresh; Espalier; Pies; Sweet Cider,Iowa 1870's,https://www.treesofantiquity.com/products/hawkeye-apple-tree
Hewes Virginia Crab,Apple,Midseason,Midseason,Needs pollinator,Cooking/Sauce; Hard Cider,Virginia 1817,https://www.treesofantiquity.com/products/hewes-virginia-crab
Holiday,Apple,Midseason,Late,Needs pollinator,Eating Fresh; Espalier; Pies; Sweet Cider,Ohio 1964,https://www.treesofantiquity.com/products/holiday-apple-tree
Holstein,Apple,Midseason,Midseason,Needs pollinator,Cooking/Sauce; Eating Fresh; Espalier; Pies; Sweet Cider,Germany 1918,https://www.treesofantiquity.com/products/holstein-apple-tree
Honeycrisp,Apple,Midseason,Midseason,Needs pollinator,Eating Fresh; Espalier; Pies; Sweet Cider,Minnesota 1991,https://www.treesofantiquity.com/products/honeycrisp-apple-tree
Hooples Antique Gold,Apple,Midseason,Late,Needs pollinator,Eating Fresh; Pies; Sweet Cider,Ohio,https://www.treesofantiquity.com/products/hooples-antique-gold
Hudson's Golden Gem,Apple,Early,Midseason,Needs pollinator,Eating Fresh; Espalier; Pies; Sweet Cider,Oregon 1920's,https://www.treesofantiquity.com/products/hudsons-golden-gem
Hunt Russet,Apple,Late,Late,Needs pollinator,Eating Fresh; Espalier; Pies; Sweet Cider,Massachusetts 1750's,https://www.treesofantiquity.com/products/hunt-russet
Idared,Apple,Midseason,Late,Needs pollinator,Cooking/Sauce; Eating Fresh; Espalier; Sweet Cider,Idaho 1942,https://www.treesofantiquity.com/products/idared-apple-tree
Ingrid Marie,Apple,Midseason,Late,Needs pollinator,Cooking/Sauce; Eating Fresh; Espalier; Sweet Cider,Denmark 1910,https://www.treesofantiquity.com/products/ingrid-marie-apple-tree
Jade,Apple,Midseason,Very Late,Needs pollinator,Eating Fresh; Espalier; Pies,"Ettersburg, CA 1900's",https://www.treesofantiquity.com/products/copy-of-muscat-de-venus
James Grieve,Apple,Midseason,Midseason,Self-fertile,Cooking/Sauce; Eating Fresh; Espalier; Pies; Sweet Cider,Scotland 1893,https://www.treesofantiquity.com/products/james-grieve-apple
Jefferis,Apple,Midseason,Midseason,Needs pollinator,Cooking/Sauce; Eating Fresh; Espalier; Pies; Sweet Cider,Pennsylvania 1830,https://www.treesofantiquity.com/products/jefferis-apple-tree
Jonagold,Apple,Midseason,Late,Needs pollinator (triploid),Cooking/Sauce; Eating Fresh; Espalier; Pies; Sweet Cider,New York 1953,https://www.treesofantiquity.com/products/jonagold-apple-tree
Jonathan,Apple,Midseason,Midseason,Self-fertile,Cooking/Sauce; Eating Fresh; Espalier; Pies; Sweet Cider,New York 1700's,https://www.treesofantiquity.com/products/jonathan-apple-tree
Kandil Sinap,Apple,Midseason,Late,Needs pollinator,Cooking/Sauce; Eating Fresh; Espalier; Sweet Cider,Turkey 1800's,https://www.treesofantiquity.com/products/kandil-sinap
Karmijn de Sonnaville,Apple,Midseason,Midseason,Needs pollinator (triploid),Cooking/Sauce; Eating Fresh; Espalier; Sweet Cider,Netherlands 1949,https://www.treesofantiquity.com/products/karmijin-de-sonnaville
Katharine,Apple,Midseason,Very Late,Needs pollinator,Eating Fresh; Espalier; Pies,"Ettersburg, CA 1900's",https://www.treesofantiquity.com/products/katharine-apple-tree
Kerry Irish Pippin,Apple,Midseason,Early,Needs pollinator,Cooking/Sauce; Eating Fresh; Espalier; Sweet Cider,Ireland 1802,https://www.treesofantiquity.com/products/kerry-irish-pippin
Kidd's Orange Red,Apple,Midseason,Late,Needs pollinator,Cooking/Sauce; Eating Fresh; Espalier; Sweet Cider,New Zealand 1924,https://www.treesofantiquity.com/products/kidds-orange-red
King David,Apple,Midseason,Late,Needs pollinator,Cooking/Sauce; Eating Fresh; Pies; Sweet Cider,Arkansas 1893,https://www.treesofantiquity.com/products/king-david
King of Tompkins,Apple,Midseason,Late,Needs pollinator,Cooking/Sauce; Eating Fresh; Espalier; Pies; Sweet Cider,New Jersey 1804,https://www.treesofantiquity.com/products/king-of-tompkins
King of the Pippins,Apple,Midseason,Midseason,Needs pollinator,Cooking/Sauce; Eating Fresh; Espalier; Pies; Sweet Cider,France 1770's,https://www.treesofantiquity.com/products/king-of-the-pippins
Kingston Black,Apple,Very Late,Late,Needs pollinator,Espalier; Hard Cider,England 1820's,https://www.treesofantiquity.com/products/kingston-black-apple
Knobbed Russet,Apple,Midseason,Late,Needs pollinator,Cooking/Sauce; Eating Fresh; Sweet Cider,England 1819,https://www.treesofantiquity.com/products/knobbed-russet-apple
Lady,Apple,Late,Very Late,Needs pollinator,Cooking/Sauce; Eating Fresh; Espalier; Sweet Cider,France 1628,https://www.treesofantiquity.com/products/lady-apple-tree
Lady Williams,Apple,Midseason,Very Late,Needs pollinator,Cooking/Sauce; Eating Fresh; Pies; Sweet Cider,Australia 1935,https://www.treesofantiquity.com/products/lady-williams-apple
Lamb Abbey Pearmain,Apple,Midseason,Late,Needs pollinator,Cooking/Sauce; Eating Fresh; Espalier; Sweet Cider,England 1804,https://www.treesofantiquity.com/products/lamb-abbey-pearmain
Laxtons Fortune,Apple,Midseason,Midseason,Needs pollinator,Cooking/Sauce; Eating Fresh; Pies; Sweet Cider,England 1931,https://www.treesofantiquity.com/products/laxtons-fortune
Liberty,Apple,Midseason,Midseason,Self-fertile,Cooking/Sauce; Eating Fresh; Espalier; Sweet Cider,New York 1962,https://www.treesofantiquity.com/products/liberty-apple-tree
Macoun,Apple,Midseason,Midseason,Needs pollinator,Cooking/Sauce; Eating Fresh; Espalier; Sweet Cider,New York 1923,https://www.treesofantiquity.com/products/macoun-apple-tree
Magnum Bonum,Apple,Midseason,Midseason,Self-fertile,Eating Fresh; Sweet Cider,North Carolina 1828,https://www.treesofantiquity.com/products/magnum-bonum
Maiden Blush,Apple,Midseason,Early,Needs pollinator,Cooking/Sauce; Eating Fresh; Sweet Cider,New York 1817,https://www.treesofantiquity.com/products/maiden-blush-apple
Maigold,Apple,Midseason,Late,Needs pollinator,Eating Fresh; Sweet Cider,Switzerland 1944,https://www.treesofantiquity.com/products/maigold-apple-tree
Mcintosh,Apple,Midseason,Late,Self-fertile,Eating Fresh; Espalier; Sweet Cider,Canada 1811,https://www.treesofantiquity.com/products/mcintosh-apple-tree
Melrose,Apple,Midseason,Late,Needs pollinator (triploid),Cooking/Sauce; Eating Fresh; Espalier; Pies; Sweet Cider,Ohio 1944,https://www.treesofantiquity.com/products/melrose-apple-tree
Mendocino Cox,Apple,Midseason,Late,Self-fertile,Cooking/Sauce; Eating Fresh; Pies; Sweet Cider,Unknown,https://www.treesofantiquity.com/products/mendocino-cox-apple-tree
Mettais,Apple,Midseason,Midseason,Needs pollinator,Espalier; Hard Cider,France 1850's,https://www.treesofantiquity.com/products/mettais-apple-tree
Michelin,Apple,Late,Late,Self-fertile,Espalier; Hard Cider,France 1700`s,https://www.treesofantiquity.com/products/michelin-apple-tree
Monark,Apple,Midseason,Early,Needs pollinator,Cooking/Sauce; Eating Fresh; Espalier; Sweet Cider,Unknown,https://www.treesofantiquity.com/products/monark-apple-tree
Morgan,Apple,Late,Late,Self-fertile,Cooking/Sauce; Eating Fresh; Pies; Sweet Cider,Laguna Beach 1960's,https://www.treesofantiquity.com/products/morgan-apple-tree
Morgenduft,Apple,Midseason,Late,Needs pollinator,Cooking/Sauce; Eating Fresh; Pies; Sweet Cider,England 1819,https://www.treesofantiquity.com/products/morgenduft-apple-tree
Mother,Apple,Midseason,Midseason,Needs pollinator,Cooking/Sauce; Eating Fresh; Espalier; Sweet Cider,Massachusetts 1840,https://www.treesofantiquity.com/products/mother-apple-tree
Mountain Rose,Apple,Midseason,Late,Needs pollinator,Cooking/Sauce; Eating Fresh; Sweet Cider,Oregon 1950's,https://www.treesofantiquity.com/products/mountain-rose
Mountaineer,Apple,Late,Late,Needs pollinator,Cooking/Sauce; Eating Fresh; Sweet Cider,West Virginia 1900's,https://www.treesofantiquity.com/products/mountaineer-apple-tree
Muscat de Bernay,Apple,Late,Late,Needs pollinator,Hard Cider,France 1700`s,https://www.treesofantiquity.com/products/muscat-de-bernay
Muscat de Venus,Apple,Midseason,Very Late,Needs pollinator,Eating Fresh; Espalier; Pies,"Ettersburg, CA 1900's",https://www.treesofantiquity.com/products/muscat-de-venus-apple-tree
Mutsu,Apple,Midseason,Late,Needs pollinator (triploid),Cooking/Sauce; Eating Fresh; Espalier; Pies; Sweet Cider,Japan 1948,https://www.treesofantiquity.com/products/mutsu-apple-tree
Myers Royal Limbertwig,Apple,Midseason,Late,Needs pollinator,Cooking/Sauce; Eating Fresh; Pies; Sweet Cider,Tennessee 1800's,https://www.treesofantiquity.com/products/myers-royal-limbertwig
Nehou,Apple,Midseason,Midseason,Needs pollinator,Espalier; Hard Cider,France 1920's,https://www.treesofantiquity.com/products/nehou-apple-tree
Newtown Pippin,Apple,Late,Late,Self-fertile,Cooking/Sauce; Eating Fresh; Espalier; Pies; Sweet Cider,New York 1759,https://www.treesofantiquity.com/products/newtown-pippin-apple
Nickajack,Apple,Midseason,Late,Needs pollinator,Cooking/Sauce; Eating Fresh; Pies; Sweet Cider,North Carolina 1853,https://www.treesofantiquity.com/products/nickajack-apple
Niedwetzkyana,Apple,Early,Midseason,Needs pollinator,Cooking/Sauce; Espalier; Pies; Sweet Cider,Native apple Kyrgyzstan 1800`s,https://www.treesofantiquity.com/products/niedwetzkyana-apple
Nodhead,Apple,Midseason,Late,Needs pollinator,Eating Fresh; Pies; Sweet Cider,New Hampshire 1842,https://www.treesofantiquity.com/products/nodhead-apple-tree
Nonsuch,Apple,Midseason,Midseason,Needs pollinator,Eating Fresh; Pies; Sweet Cider,Massachusetts 1830,https://www.treesofantiquity.com/products/nonsuch-apple-tree
Northern Spy,Apple,Late,Late,Needs pollinator,Cooking/Sauce; Eating Fresh; Espalier; Pies; Sweet Cider,New York 1840's,https://www.treesofantiquity.com/products/northern-spy-apple-tree
Opalescent,Apple,Late,Late,Needs pollinator,Cooking/Sauce; Eating Fresh; Espalier; Sweet Cider,Michigan late 1800's,https://www.treesofantiquity.com/products/opalescent-apple-tree
Orenco,Apple,Late,Late,Needs pollinator,Eating Fresh; Pies; Sweet Cider,Oregon 1920,https://www.treesofantiquity.com/products/orenco-apple-tree
Orleans Reinette,Apple,Late,Late,Needs pollinator,Cooking/Sauce; Eating Fresh; Espalier; Pies; Sweet Cider,France 1776,https://www.treesofantiquity.com/products/orleans-reinette-apple
Ozark Gold,Apple,Late,Midseason,Needs pollinator,Cooking/Sauce; Eating Fresh; Pies; Sweet Cider,Missouri 1970,https://www.treesofantiquity.com/products/ozark-gold-apple
Pettingill,Apple,Midseason,Midseason,Self-fertile,Cooking/Sauce; Eating Fresh; Pies; Sweet Cider,Long Beach 1949,https://www.treesofantiquity.com/products/pettingill-apple
Pink Lady,Apple,Midseason,Very Late,Self-fertile,Cooking/Sauce; Eating Fresh; Sweet Cider,1945 and beyond,https://www.treesofantiquity.com/products/pink-lady-apple
Pink Parfait,Apple,Midseason,Very Late,Needs pollinator,Eating Fresh; Espalier; Pies,California 1900's,https://www.treesofantiquity.com/products/pink-parfait-apple
Pink Pearl,Apple,Midseason,Early,Needs pollinator,Cooking/Sauce; Eating Fresh; Espalier; Pies; Sweet Cider,California 1944,https://www.treesofantiquity.com/products/pink-pearl-apple
Pink Princess,Apple,Midseason,Early,Needs pollinator,Cooking/Sauce; Eating Fresh; Espalier; Pies; Sweet Cider,Canada 1967,https://www.treesofantiquity.com/products/pink-princess-apple
Pink Sparkle,Apple,Midseason,Midseason,Needs pollinator,Cooking/Sauce; Eating Fresh; Espalier; Pies; Sweet Cider,Humboldt County 1900's,https://www.treesofantiquity.com/products/pink-sparkle-apple
Pitmaston Pineapple,Apple,Very Late,Late,Self-fertile,Eating Fresh; Espalier; Sweet Cider,England 1785,https://www.treesofantiquity.com/products/pitmaston-pineapple
Porters Perfection,Apple,Midseason,Late,Needs pollinator,Hard Cider,England 1800's,https://www.treesofantiquity.com/products/porters-perfection
Ramsdell Sweet,Apple,Midseason,Late,Needs pollinator,Eating Fresh; Sweet Cider,Connecticut 1845,https://www.treesofantiquity.com/products/ramsdell-sweet-2
Razor Russet,Apple,Midseason,Late,Self-fertile,Eating Fresh; Sweet Cider,Kentucky 1970,https://www.treesofantiquity.com/products/razor-russet-apple
Red Astrachan,Apple,Midseason,Early,Self-fertile,Eating Fresh; Espalier; Sweet Cider,Russia 1816,https://www.treesofantiquity.com/products/red-astrachan-apple
Red Berlepsch,Apple,Midseason,Late,Needs pollinator,Cooking/Sauce; Eating Fresh; Sweet Cider,Germany 1880,https://www.treesofantiquity.com/products/red-berlepsch-apple
Red Devil,Apple,Midseason,Midseason,Self-fertile,Cooking/Sauce; Eating Fresh; Espalier; Sweet Cider,England 1975,https://www.treesofantiquity.com/products/red-devil-apple
Red Gravenstein (red sport),Apple,Midseason,Midseason,Needs pollinator (triploid),Cooking/Sauce; Eating Fresh; Pies; Sweet Cider,California 1800's,https://www.treesofantiquity.com/products/gravenstein-red-sport
Red June,Apple,Midseason,Very Early,Needs pollinator,Cooking/Sauce; Eating Fresh; Pies; Sweet Cider,North Carolina 1800,https://www.treesofantiquity.com/products/red-june-apple
Red October,Apple,Midseason,Very Late,Needs pollinator,Cooking/Sauce; Eating Fresh; Pies; Sweet Cider,New York 1950's,https://www.treesofantiquity.com/products/red-october
Red Vein Crabapple,Apple,Midseason,Late,Needs pollinator,Cooking/Sauce; Hard Cider,1800`s,https://www.treesofantiquity.com/products/red-vein-crabapple
Red Winter Pearmain,Apple,Midseason,Late,Needs pollinator,Cooking/Sauce; Eating Fresh; Pies; Sweet Cider,North Carolina 1850's,https://www.treesofantiquity.com/products/red-winter-pearmain
Redfield,Apple,Early,Late,Needs pollinator,Cooking/Sauce; Hard Cider; Pies,New York 1938,https://www.treesofantiquity.com/products/redfield
Redstreak,Apple,Midseason,Late,Needs pollinator,Cooking/Sauce; Hard Cider,England 1600's,https://www.treesofantiquity.com/products/redstreak-apple-tree
Reinette du Canada,Apple,Late,Very Late,Needs pollinator (triploid),Cooking/Sauce; Eating Fresh; Pies,France 1771,https://www.treesofantiquity.com/products/reinette-du-canada
Rhode Island Greening,Apple,Midseason,Midseason,Needs pollinator (triploid),Cooking/Sauce; Eating Fresh; Pies; Sweet Cider,Rhode Island 1650's,https://www.treesofantiquity.com/products/rhode-island-greening
Ribston Pippin,Apple,Midseason,Late,Needs pollinator (triploid),Eating Fresh; Espalier; Pies; Sweet Cider,England 1700`s,https://www.treesofantiquity.com/products/ribston-pippin
Rome Beauty,Apple,Late,Very Late,Self-fertile,Cooking/Sauce; Eating Fresh; Espalier; Sweet Cider,Ohio 1820,https://www.treesofantiquity.com/products/rome-beauty
Roxbury Russet,Apple,Late,Late,Needs pollinator,Eating Fresh; Espalier; Sweet Cider,Massachusetts 1635,https://www.treesofantiquity.com/products/roxbury-russet
Rubaiyat,Apple,Midseason,Late,Needs pollinator,Eating Fresh; Espalier; Pies,California 1900's,https://www.treesofantiquity.com/products/rubaiyat-apple-tree
Rubinette,Apple,Midseason,Late,Needs pollinator,Eating Fresh; Espalier; Sweet Cider,Switzerland 1950's,https://www.treesofantiquity.com/products/rubinette-apple
Saint Cecilia,Apple,Midseason,Late,Needs pollinator,Eating Fresh; Espalier; Sweet Cider,Wales 1918,https://www.treesofantiquity.com/products/saint-cecelia-apple
Siberian Crabapple,Apple,Midseason,Midseason,Needs pollinator,Cooking/Sauce; Espalier; Hard Cider,France 1800,https://www.treesofantiquity.com/products/siberian-crabapple
Sierra Beauty,Apple,Midseason,Very Late,Self-fertile,Eating Fresh; Pies; Sweet Cider,California 1890's,https://www.treesofantiquity.com/products/sierra-beauty-apple
Skinner's Seedling,Apple,Midseason,Very Late,Needs pollinator,Eating Fresh; Espalier; Sweet Cider,San Jose 1887,https://www.treesofantiquity.com/products/skinners-seedling
Smokehouse,Apple,Late,Late,Needs pollinator,Cooking/Sauce; Eating Fresh; Pies; Sweet Cider,Pennsylvania 1837,https://www.treesofantiquity.com/products/smokehouse-apple
Snow Fameuse,Apple,Midseason,Late,Needs pollinator,Cooking/Sauce; Eating Fresh; Espalier; Sweet Cider,Canada 1739,https://www.treesofantiquity.com/products/snow-fameuse-apple
Snowdrift Crabapple,Apple,Early,Very Late,Self-fertile,Cooking/Sauce; Espalier; Hard Cider,1900`s,https://www.treesofantiquity.com/products/snowdrift-crabapple
Sops-n-Wine,Apple,Midseason,Midseason,Needs pollinator,Cooking/Sauce; Eating Fresh; Espalier; Sweet Cider,England 1832,https://www.treesofantiquity.com/products/sops-n-wine
Spigold,Apple,Midseason,Late,Needs pollinator (triploid),Cooking/Sauce; Eating Fresh; Pies; Sweet Cider,New York 1962,https://www.treesofantiquity.com/products/spigold
Spitzenburg,Apple,Midseason,Late,Needs pollinator,Cooking/Sauce; Eating Fresh; Espalier; Pies; Sweet Cider,New York late 1700's,https://www.treesofantiquity.com/products/spitzenburg-apple
Splendour,Apple,Midseason,Late,Needs pollinator,Eating Fresh; Espalier; Pies; Sweet Cider,New Zealand 1948,https://www.treesofantiquity.com/products/splendour-apple
Spokane Beauty,Apple,Midseason,Late,Needs pollinator (triploid),Eating Fresh; Pies; Sweet Cider,Washington 1859,https://www.treesofantiquity.com/products/spokane-beauty-apple
St. Edmunds Pippin,Apple,Midseason,Midseason,Needs pollinator,Eating Fresh; Sweet Cider,England 1870,https://www.treesofantiquity.com/products/st-edmunds-pippin
Starkey,Apple,Midseason,Early,Needs pollinator,Cooking/Sauce; Eating Fresh; Espalier; Pies; Sweet Cider,Maine 1790,https://www.treesofantiquity.com/products/copy-of-black-oxford-apple
Starking Delicious,Apple,Midseason,Late,Needs pollinator,Eating Fresh; Pies; Sweet Cider,Midwest 1921,https://www.treesofantiquity.com/products/starking-delicious-apple
Stayman Winesap,Apple,Late,Very Late,Needs pollinator (triploid),Eating Fresh; Pies; Sweet Cider,Kansas 1866,https://www.treesofantiquity.com/products/stayman-winesap-apple
Stearns,Apple,Midseason,Late,Needs pollinator,Eating Fresh; Pies; Sweet Cider,New York 1900,https://www.treesofantiquity.com/products/stearns-apple-tree
Strawberry Parfait,Apple,Midseason,Very Early,Needs pollinator,Cooking/Sauce; Eating Fresh; Sweet Cider,New Jersey 1900's,https://www.treesofantiquity.com/products/strawberry-parfait-apple
Summer Rambo,Apple,Midseason,Early,Needs pollinator,Cooking/Sauce; Eating Fresh; Sweet Cider,France 1535,https://www.treesofantiquity.com/products/summer-rambo-apple
Summer Rose,Apple,Midseason,Very Early,Needs pollinator,Cooking/Sauce; Eating Fresh; Sweet Cider,New Jersey 1806,https://www.treesofantiquity.com/products/summer-rose-apple
Suntan,Apple,Late,Late,Needs pollinator (triploid),Cooking/Sauce; Eating Fresh; Espalier; Sweet Cider,England 1956,https://www.treesofantiquity.com/products/suntan-apple-tree
Surprise,Apple,Midseason,Late,Needs pollinator,Cooking/Sauce; Eating Fresh; Espalier; Sweet Cider,England 1831,https://www.treesofantiquity.com/products/surprise-apple-tree
Swaar,Apple,Late,Very Late,Needs pollinator,Cooking/Sauce; Eating Fresh; Pies; Sweet Cider,New York 1700's,https://www.treesofantiquity.com/products/swaar-apple-tree
Sweet Bough,Apple,Midseason,Early,Needs pollinator,Cooking/Sauce; Eating Fresh; Sweet Cider,East Coast 1817,https://www.treesofantiquity.com/products/sweet-bough-apple
Sweet Delicious,Apple,Midseason,Late,Needs pollinator,Cooking/Sauce; Eating Fresh; Espalier; Sweet Cider,New York 1911,https://www.treesofantiquity.com/products/sweet-delicious
Sweet Sixteen (Sweet 16),Apple,Midseason,Midseason,Needs pollinator,Cooking/Sauce; Eating Fresh; Espalier; Sweet Cider,Minnesota 1973,https://www.treesofantiquity.com/products/sweet-sixteen-sweet-16
Tolman Sweet,Apple,Late,Late,Needs pollinator,Eating Fresh; Sweet Cider,New England 1800's,https://www.treesofantiquity.com/products/tolman-sweet
Transcendent Crabapple,Apple,Early,Late,Needs pollinator,Cooking/Sauce; Espalier; Hard Cider,Europe 1844,https://www.treesofantiquity.com/products/transcendent-crabapple
Tremblett's Bitter,Apple,Midseason,Midseason,Needs pollinator,Espalier; Hard Cider,England 1800's,https://www.treesofantiquity.com/products/trembletts-bitter-apple
Twenty Ounce,Apple,Midseason,Midseason,Needs pollinator,Cooking/Sauce; Eating Fresh; Espalier; Pies; Sweet Cider,New York 1800`s,https://www.treesofantiquity.com/products/twenty-ounce-apple
Tydemans Late Orange,Apple,Midseason,Late,Needs pollinator,Cooking/Sauce; Eating Fresh; Espalier; Sweet Cider,England 1929,https://www.treesofantiquity.com/products/tydemans-late-orange
Victoria Limbertwig,Apple,Midseason,Midseason,Needs pollinator,Cooking/Sauce; Eating Fresh; Pies; Sweet Cider,Tennessee 1860,https://www.treesofantiquity.com/products/victoria-limbertwig
Vixen,Apple,Midseason,Very Late,Needs pollinator,Eating Fresh; Espalier; Pies,"Ettersburg, CA 1900's",https://www.treesofantiquity.com/products/copy-of-atalantas-gold-tree
Wagener,Apple,Midseason,Late,Needs pollinator,Cooking/Sauce; Eating Fresh; Espalier; Pies; Sweet Cider,New York 1847,https://www.treesofantiquity.com/products/wagener-apple-tree
Waltana,Apple,Late,Very Late,Needs pollinator,Cooking/Sauce; Eating Fresh; Pies; Sweet Cider,California Early 1900's,https://www.treesofantiquity.com/products/waltana-apple-tree
Wealthy,Apple,Midseason,Midseason,Self-fertile,Cooking/Sauce; Eating Fresh; Espalier; Pies; Sweet Cider,Minnesota 1868,https://www.treesofantiquity.com/products/wealthy-apple-tree
Westfield Seek-no-Further,Apple,Late,Very Late,Needs pollinator,Cooking/Sauce; Eating Fresh; Pies; Sweet Cider,Massachusetts 1796,https://www.treesofantiquity.com/products/westfield-seek-no-further
White Limbertwig,Apple,Midseason,Late,Needs pollinator,Cooking/Sauce; Eating Fresh; Pies; Sweet Cider,Southern Heirloom 1800`s,https://www.treesofantiquity.com/products/white-limbertwig
White Pearmain,Apple,Midseason,Very Late,Self-fertile,Cooking/Sauce; Eating Fresh; Espalier; Pies; Sweet Cider,England 1200's,https://www.treesofantiquity.com/products/white-pearmain
White Transparent,Apple,Early,Very Early,Needs pollinator,Cooking/Sauce; Eating Fresh; Sweet Cider,Russia 1850,https://www.treesofantiquity.com/products/white-transparent
Whitney Crabapple,Apple,Early,Early,Self-fertile,Cooking/Sauce; Espalier; Hard Cider,Illinois 1869,https://www.treesofantiquity.com/products/whitney-crabapple
Wickson,Apple,Midseason,Very Late,Needs pollinator,Cooking/Sauce; Eating Fresh; Sweet Cider,California 1944,https://www.treesofantiquity.com/products/wickson-apple-tree
Winekist apple,Apple,Midseason,Early,Needs pollinator,Cooking/Sauce; Eating Fresh; Sweet Cider,Dakotas 1949,https://www.treesofantiquity.com/products/winekist-apple-tree
Winesap,Apple,Late,Late,Needs pollinator (triploid),Cooking/Sauce; Eating Fresh; Espalier; Sweet Cider,New Jersey 1800`s,https://www.treesofantiquity.com/products/winesap-apple-tree
Winter Banana,Apple,Midseason,Late,Self-fertile,Cooking/Sauce; Eating Fresh; Espalier; Sweet Cider,Indiana 1876,https://www.treesofantiquity.com/products/winter-banana-apple
Winterstein,Apple,Late,Late,Self-fertile,Cooking/Sauce; Eating Fresh; Pies; Sweet Cider,California 1898,https://www.treesofantiquity.com/products/winterstein-apple
Wolf River,Apple,Midseason,Midseason,Needs pollinator,Cooking/Sauce; Eating Fresh; Pies; Sweet Cider,Wisconsin 1875,https://www.treesofantiquity.com/products/wolf-river-apple
Yarlington Mill,Apple,Midseason,Late,Needs pollinator,Hard Cider,England 1898,https://www.treesofantiquity.com/products/yarlington-mill-apple
Yellow Bellflower,Apple,Midseason,Late,Needs pollinator,Cooking/Sauce; Eating Fresh; Sweet Cider,New Jersey 1700`s,https://www.treesofantiquity.com/products/yellow-bellflower-apple
Blenheim,Apricot,Early,Midseason,Self-fertile,Cooking/Sauce; Eating Fresh,England 1815,https://www.treesofantiquity.com/products/blenheim-apricot
Goldkist,Apricot,Early,Early,Self-fertile,Cooking/Sauce; Eating Fresh,California 1960's,https://www.treesofantiquity.com/products/goldkist-apricot
Harcot,Apricot,Early,Early,Self-fertile,Cooking/Sauce; Eating Fresh,California 1960's,https://www.treesofantiquity.com/products/harcot-apricot
Moorpark,Apricot,Early,Late,Self-fertile,Cooking/Sauce; Eating Fresh,England 1760,https://www.treesofantiquity.com/products/moorpark-apricot
Pink Ume,Apricot,Early,Very Early,Self-fertile,Cooking/Sauce; Eating Fresh,Japan 1800's,https://www.treesofantiquity.com/products/pink-ume-apricot
Puget Gold,Apricot,Early,Late,Self-fertile,Cooking/Sauce; Eating Fresh,1945 and beyond,https://www.treesofantiquity.com/products/puget-gold-apricot
Shaa-Kar-Pareeh,Apricot,Early,Early,Self-fertile,Cooking/Sauce; Eating Fresh,Iran 1800`s,https://www.treesofantiquity.com/products/shaa-ka-pareeh
Tilton,Apricot,Early,Late,Self-fertile,Cooking/Sauce; Eating Fresh,1945 and beyond,https://www.treesofantiquity.com/products/tilton-apricot
White Ume,Apricot,Early,Late,Self-fertile,Cooking/Sauce; Eating Fresh,Japan 1800`s,https://www.treesofantiquity.com/products/white-ume-apricot
Boysenberry,Berry,,Midseason,Self-fertile,Cooking/Sauce; Eating Fresh,1923,https://www.treesofantiquity.com/products/boysenberries
Caroline Red Raspberries,Berry,,Midseason,Self-fertile,Cooking/Sauce; Eating Fresh,Recent,https://www.treesofantiquity.com/products/llatham-red-raspberries
Fall Gold Raspberries,Berry,,Late,Self-fertile,Cooking/Sauce; Eating Fresh,1940's,https://www.treesofantiquity.com/products/fall-gold-raspberries
Goji,Berry,,Late,Self-fertile,Cooking/Sauce; Eating Fresh,,https://www.treesofantiquity.com/products/goji-berry
Heritage Red Raspberries,Berry,,Midseason,Self-fertile,Cooking/Sauce; Eating Fresh,1900's,https://www.treesofantiquity.com/products/heritage-red-raspberries
Hinnomaki Red Gooseberry,Berry,,Midseason,Self-fertile,Cooking/Sauce; Eating Fresh,1800's,https://www.treesofantiquity.com/products/poorman-gooseberry
Loganberry,Berry,,Midseason,Self-fertile,Cooking/Sauce; Eating Fresh,1900's,https://www.treesofantiquity.com/products/loganberry
Marionberry,Berry,,Midseason,Self-fertile,Cooking/Sauce; Eating Fresh,1900's,https://www.treesofantiquity.com/products/marionberry
Munger Black Raspberries,Berry,,Midseason,Self-fertile,Cooking/Sauce; Eating Fresh,1945 and beyond,https://www.treesofantiquity.com/products/boyne-raspberries
Ollalie Blackberry,Berry,Very Late,Midseason,Self-fertile,Cooking/Sauce; Eating Fresh,1930's,https://www.treesofantiquity.com/products/ollalie-blackberry
Red Lake Currant,Berry,,Midseason,Self-fertile,Cooking/Sauce; Eating Fresh,1945 and beyond,https://www.treesofantiquity.com/products/red-lake-currant
Tayberries,Berry,,Late,Self-fertile,Cooking/Sauce; Eating Fresh,1940's,https://www.treesofantiquity.com/products/tayberries
Triple Crown Blackberry,Berry,,Midseason,Self-fertile,Cooking/Sauce; Eating Fresh,1900's,https://www.treesofantiquity.com/products/ollalieberry
Blueberry Bundle,Blueberry,,Late,Self-fertile,Cooking/Sauce; Eating Fresh,,https://www.treesofantiquity.com/products/blueberry-bundle
Chandler,Blueberry,,Late,Self-fertile,Cooking/Sauce; Eating Fresh,1900`s,https://www.treesofantiquity.com/products/chandler-blueberry
Elliot,Blueberry,,Midseason,Self-fertile,Cooking/Sauce; Eating Fresh,1900`s,https://www.treesofantiquity.com/products/elliot-blueberry
Jersey,Blueberry,,Late,Self-fertile,Cooking/Sauce; Eating Fresh,1900`s,https://www.treesofantiquity.com/products/jersey-blueberry
Jubilee,Blueberry,,Midseason,Self-fertile,Cooking/Sauce; Eating Fresh,1900`s,https://www.treesofantiquity.com/products/jubilee-blueberry
O'Neal,Blueberry,,Early,Self-fertile,Cooking/Sauce; Eating Fresh,1900`s,https://www.treesofantiquity.com/products/oneal-blueberry
Reka,Blueberry,,Midseason,Self-fertile,Cooking/Sauce; Eating Fresh,1900`s,https://www.treesofantiquity.com/products/reka-blueberry
Sunshine,Blueberry,,Midseason,Self-fertile,Cooking/Sauce; Eating Fresh,1900`s,https://www.treesofantiquity.com/products/sunshine-blueberry
Bing,Cherry,Early,Early,Needs pollinator,Eating Fresh,Oregon 1870,https://www.treesofantiquity.com/products/bing-cherry-tree
Black Eagle,Cherry,Early,Early,Needs pollinator,Eating Fresh,England 1800's,https://www.treesofantiquity.com/products/black-tartarian-1-year
Black Pearl,Cherry,Early,Early,,Eating Fresh,,https://www.treesofantiquity.com/products/copy-of-skeena-cherry
Black Republican,Cherry,Early,Early,Needs pollinator,Eating Fresh,Oregon 1860,https://www.treesofantiquity.com/products/black-republican-cherry
Black Tartarian,Cherry,Early,Early,Needs pollinator,Eating Fresh,Russia 1794,https://www.treesofantiquity.com/products/black-tartarian
English Morello,Cherry,Early,Early,Self-fertile,Cooking/Sauce; Eating Fresh; Pies,England 1500`s,https://www.treesofantiquity.com/products/english-morello-cherry-1-year
Governor Wood,Cherry,Early,Early,Self-fertile,Eating Fresh,Introduced 1842,https://www.treesofantiquity.com/products/governor-wood-cherry
Kansas Sweet,Cherry,Early,Midseason,Self-fertile,Eating Fresh; Pies,,https://www.treesofantiquity.com/products/kansas-sweet-cherry
Lapins,Cherry,Early,Midseason,Self-fertile,Eating Fresh,,https://www.treesofantiquity.com/products/lapins-cherry-tree
Late Duke,Cherry,Early,Late,Self-fertile,Cooking/Sauce; Eating Fresh; Pies,England 1700's,https://www.treesofantiquity.com/products/late-duke-cherry
Montmorency Sour,Cherry,Early,Midseason,Self-fertile,Eating Fresh; Pies,France 1600's,https://www.treesofantiquity.com/products/montmorency-sour-cherry
Napoleon,Cherry,Early,Midseason,Needs pollinator,Eating Fresh,Belgium 1820,https://www.treesofantiquity.com/products/napoleon-cherry
Noir de Chavannes,Cherry,Early,Midseason,Needs pollinator,Eating Fresh,Switzerland 1800's,https://www.treesofantiquity.com/products/noirs-de-chavannes
Purple Guigne,Cherry,Early,Early,Needs pollinator,Eating Fresh; Pies,England 1810,https://www.treesofantiquity.com/products/early-purple-guigne-cherry
Rainier,Cherry,Early,Midseason,Needs pollinator,Eating Fresh,,https://www.treesofantiquity.com/products/rainier-cherry
Stella,Cherry,Early,Midseason,Self-fertile,Eating Fresh,,https://www.treesofantiquity.com/products/stella-cherry
Sweetheart,Cherry,Early,Midseason,Self-fertile,Eating Fresh,,https://www.treesofantiquity.com/products/sweet-heart-cherry
Tantalizing Trio,Cherry,,,,,,https://www.treesofantiquity.com/products/tantalizing-trio-cherries
Utah Giant,Cherry,Early,Midseason,Needs pollinator,Eating Fresh,,https://www.treesofantiquity.com/products/utah-giant-cherry
Van,Cherry,Early,Midseason,Needs pollinator,Eating Fresh,,https://www.treesofantiquity.com/products/van-cherry
Kakariki™ Feijoa,Elderberry/Feijoa,Midseason,Very Late,Needs pollinator,Cooking/Sauce; Dried; Eating Fresh,South America,https://www.treesofantiquity.com/products/york-elderberry
Nova Elderberry,Elderberry/Feijoa,Midseason,Late Summer,Self-fertile,Canning; Cooking/Sauce; Dried; Eating Fresh; Hard Cider; Pies,Eastern United States,https://www.treesofantiquity.com/products/nova-elderberry
Takaka™ Feijoa,Elderberry/Feijoa,Midseason,Very Late,Needs pollinator,Cooking/Sauce; Dried; Eating Fresh,South America,https://www.treesofantiquity.com/products/takaka™-feijoa-copy
York Elderberry,Elderberry/Feijoa,Midseason,Late Summer,Self-fertile,Canning; Cooking/Sauce; Dried; Eating Fresh; Hard Cider; Pies,Eastern United States,https://www.treesofantiquity.com/products/york-elderberry-1
Black Jack,Fig,Late,Very Late,Self-fertile,Eating Fresh; Espalier,,https://www.treesofantiquity.com/products/black-jack-tree
Black Mission,Fig,Late,Very Late,Self-fertile,Eating Fresh; Espalier,California 1769,https://www.treesofantiquity.com/products/black-mission-fig-copy
Brown Turkey,Fig,Late,Very Late,Self-fertile,Eating Fresh; Espalier,California 1800's,https://www.treesofantiquity.com/products/brown-turkey-fig
Conadria,Fig,Late,Very Late,Self-fertile,Eating Fresh,California 1950's,https://www.treesofantiquity.com/products/conandria-fig
Flanders,Fig,Late,Very Late,Self-fertile,Eating Fresh,,https://www.treesofantiquity.com/products/flanders-fig
Italian Honey,Fig,Late,Very Late,Self-fertile,Eating Fresh; Espalier,Pacific Northwest 1942,https://www.treesofantiquity.com/products/italian-honey-fig
Osborne Prolific,Fig,Late,Very Late,Self-fertile,Eating Fresh; Espalier,,https://www.treesofantiquity.com/products/osborne-prolific-fig
Panache,Fig,Late,Very Late,Self-fertile,Eating Fresh,,https://www.treesofantiquity.com/products/panache-fig
Peter's Honey,Fig,Late,Very Late,Self-fertile,Eating Fresh,,https://www.treesofantiquity.com/products/peters-honey-fig
Texas Everbearing,Fig,Late,Very Late,Self-fertile,Eating Fresh,Texas 1950's,https://www.treesofantiquity.com/products/copy-of-conadria-fig
Verte,Fig,Late,Very Late,Self-fertile,Eating Fresh,,https://www.treesofantiquity.com/products/verte-fig-tree
Violette de Bordeaux,Fig,Late,Very Late,Self-fertile,Eating Fresh; Espalier,,https://www.treesofantiquity.com/products/violette-de-bordeaux-fig
White Genoa,Fig,Late,Very Late,Self-fertile,Eating Fresh; Espalier,,https://www.treesofantiquity.com/products/white-genoa-fig
White Kadota,Fig,Late,Very Late,Self-fertile,Eating Fresh,,https://www.treesofantiquity.com/products/white-kadota-fig
Canadice,Grape,,Midseason,Self-fertile,Eating Fresh,1945 and beyond,https://www.treesofantiquity.com/products/canadice-grape
Concord,Grape,,Midseason,Self-fertile,Eating Fresh,1800's,https://www.treesofantiquity.com/products/concord-grape
Flame,Grape,,Early,Self-fertile,Eating Fresh,1945 and beyond,https://www.treesofantiquity.com/products/flame-grape
Glenora,Grape,,Midseason,Self-fertile,Eating Fresh,1945 and beyond,https://www.treesofantiquity.com/products/glenora-grape
Interlaken,Grape,,Early,Self-fertile,Eating Fresh,1900`s,https://www.treesofantiquity.com/products/interlaken-grape
Lakemont,Grape,,Midseason,Self-fertile,Eating Fresh,1945 and beyond,https://www.treesofantiquity.com/products/lakemont-grape
Muscat of Alexandria,Grape,,Early,Self-fertile,Eating Fresh,100 b.c,https://www.treesofantiquity.com/products/copy-of-muscat-grape
Niagara,Grape,,Midseason,Self-fertile,Eating Fresh,1800`s,https://www.treesofantiquity.com/products/niagara-grape-1
Vanessa,Grape,,Midseason,Self-fertile,Eating Fresh,1945 and beyond,https://www.treesofantiquity.com/products/vanessa-grape
Ga-866,Jujube,Very Late,Late,Needs pollinator,Dried; Eating Fresh,1945 and beyond,https://www.treesofantiquity.com/products/ga-866-jujube
Lang,Jujube,Very Late,Late,Needs pollinator,Dried; Eating Fresh,China 1800's,https://www.treesofantiquity.com/products/lang-jujube
Li,Jujube,Very Late,Late,Needs pollinator,Dried; Eating Fresh,China 1800's,https://www.treesofantiquity.com/products/li-jujube
Shanxi,Jujube,Very Late,Late,Needs pollinator,Dried; Eating Fresh,China 1800's,https://www.treesofantiquity.com/products/shanxi-jujube
Sugarcane,Jujube,Very Late,Late,Needs pollinator,Dried; Eating Fresh,China 1800's,https://www.treesofantiquity.com/products/sugarcane-jujube
Breda,Medlar,Midseason,Late,Self-fertile,Eating Fresh,England 1700's,https://www.treesofantiquity.com/products/breda-medlar-1
Royal,Medlar,Midseason,Late,Self-fertile,Eating Fresh,England 1700's,https://www.treesofantiquity.com/products/royal-medlar-1
Black Pakistan,Mulberry,,,Self-fertile,Eating Fresh; Pies,,https://www.treesofantiquity.com/products/black-pakistan-mulberry
Black Persian,Mulberry,Very Late,Midseason,Self-fertile,Eating Fresh; Pies,,https://www.treesofantiquity.com/products/black-mulberry-bush
White Pakistan,Mulberry,,,Self-fertile,Eating Fresh; Pies,,https://www.treesofantiquity.com/products/pakistan-white-mulberry
Arctic Queen,Nectarine,,Late,Self-fertile,Canning; Eating Fresh; Espalier; Pies,1945 and beyond,https://www.treesofantiquity.com/products/arctic-queen-nectarine
Fantasia,Nectarine,,Late,Self-fertile,Canning; Eating Fresh; Espalier; Pies,1945 and beyond,https://www.treesofantiquity.com/products/fantasia-nectarine
Goldmine,Nectarine,,Late,Self-fertile,Canning; Eating Fresh; Espalier; Pies,1800`s,https://www.treesofantiquity.com/products/goldmine-nectarine
Independence,Nectarine,,Late,Self-fertile,Canning; Eating Fresh; Espalier; Pies,1900`s,https://www.treesofantiquity.com/products/independence-nectarine
Liz's Late,Nectarine,,Late,Self-fertile,Canning; Eating Fresh; Espalier; Pies,1945 and beyond,https://www.treesofantiquity.com/products/lizs-late-nectarine
Panamint,Nectarine,,Late,Self-fertile,Canning; Eating Fresh; Espalier; Pies,1945 and beyond,https://www.treesofantiquity.com/products/panamint-nectarine
Snow Queen,Nectarine,,Very Early,Self-fertile,Canning; Eating Fresh; Espalier; Pies,1945 and beyond,https://www.treesofantiquity.com/products/snow-queen-nectarine
All-In-One Almond,Nut Tree,Early,Midseason,Self-fertile,Eating Fresh,1945 and beyond,https://www.treesofantiquity.com/products/all-in-one-almond
Carpathian Walnut,Nut Tree,Very Late,Late,Self-fertile,Eating Fresh,1400`s,https://www.treesofantiquity.com/products/carpathian-walnut
Chandler Walnut,Nut Tree,Very Late,Late,Self-fertile,Eating Fresh,1950`s,https://www.treesofantiquity.com/products/chandler-walnut
Franquette Walnut,Nut Tree,Very Late,Late,Self-fertile,Eating Fresh,1800's,https://www.treesofantiquity.com/products/franquette-walnut
Garden Prince  Almond,Nut Tree,Early,Midseason,Self-fertile,Eating Fresh,1945 and beyond,https://www.treesofantiquity.com/products/garden-prince-almond
Hartley Walnut,Nut Tree,Very Late,Late,Self-fertile,Eating Fresh,1800's,https://www.treesofantiquity.com/products/hartley-walnut
Hazelnut Filbert Eta,Nut Tree,Early,Late,Needs pollinator,Eating Fresh,1945 and beyond,https://www.treesofantiquity.com/products/hazelnut-etta
Hazelnut Filbert Jefferson,Nut Tree,Early,Late,Needs pollinator,Eating Fresh,1945 and beyond,https://www.treesofantiquity.com/products/jefferson-hazelnut
Manregion English Walnut,Nut Tree,Very Late,Late,Needs pollinator,Eating Fresh,1900`s,https://www.treesofantiquity.com/products/cookes-giant-sweet-walnut
Monterey  Almond,Nut Tree,Early,Midseason,Needs pollinator,Eating Fresh,1945 and beyond,https://www.treesofantiquity.com/products/monterey-almond
Ne Plus Almond,Nut Tree,Early,Midseason,Needs pollinator,Eating Fresh,1800's,https://www.treesofantiquity.com/products/ne-plus-almond
Nonpareil Almond,Nut Tree,Early,Late,Needs pollinator,,1800's,https://www.treesofantiquity.com/products/nonpareil-almond-tree
Robert Livermore Walnut,Nut Tree,Very Late,Late,Self-fertile,Eating Fresh,1950's,https://www.treesofantiquity.com/products/robert-livermore-walnut
Babcock,Peach,Early,Midseason,Self-fertile,Canning; Eating Fresh; Espalier; Pies,California 1923,https://www.treesofantiquity.com/products/babcock-peach
Baby Crawford,Peach,,Midseason,Self-fertile,Canning; Eating Fresh; Espalier; Pies,1900`s,https://www.treesofantiquity.com/products/baby-crawford-peach
Belle of Georgia,Peach,,Late,Self-fertile,Canning; Eating Fresh; Espalier; Pies,Macon 1870's,https://www.treesofantiquity.com/products/belle-of-georgia-peach
Dixon Clingstone,Peach,,Late,Self-fertile,Canning; Eating Fresh; Espalier; Pies,California 1920's,https://www.treesofantiquity.com/products/dixon-clingstone-peach
Fay Elberta,Peach,,Late,Self-fertile,Canning; Eating Fresh; Espalier; Pies,States 1915 and beyond,https://www.treesofantiquity.com/products/fay-elberta-peach
Frost,Peach,,Midseason,Self-fertile,Canning; Eating Fresh; Espalier; Pies,California 1960's,https://www.treesofantiquity.com/products/frost-peach
George IV,Peach,,Early,Self-fertile,Canning; Eating Fresh; Espalier; Pies,New York 1820's,https://www.treesofantiquity.com/products/george-iv-peach
Indian Blood,Peach,,Midseason,Needs pollinator,Canning; Eating Fresh; Espalier; Pies,France 1700's,https://www.treesofantiquity.com/products/indian-blood-peach
J.H. Hale,Peach,,Midseason,Needs pollinator,Canning; Eating Fresh; Espalier; Pies,Connecticut 1912,https://www.treesofantiquity.com/products/j-h-hale-peach
Nectar,Peach,,Early,Self-fertile,Canning; Eating Fresh; Espalier; Pies,California 1935,https://www.treesofantiquity.com/products/nectar-peach
O'Henry,Peach,,Late,Self-fertile,Canning; Eating Fresh; Espalier; Pies,California 1950's,https://www.treesofantiquity.com/products/ohenry-peach
Peentau,Peach,,Early,Self-fertile,Canning; Eating Fresh; Espalier; Pies,China 1800`s,https://www.treesofantiquity.com/products/peentau-peach
Peregrine,Peach,,Midseason,Self-fertile,Canning; Eating Fresh; Espalier; Pies,England 1906,https://www.treesofantiquity.com/products/peregrine-peach
Polly White,Peach,,Very Late,Self-fertile,Canning; Eating Fresh; Espalier; Pies,Iowa 1920's,https://www.treesofantiquity.com/products/polly-white-peach
Redhaven,Peach,,Midseason,Self-fertile,Canning; Eating Fresh; Espalier; Pies,Michigan 1930's,https://www.treesofantiquity.com/products/redhaven-peach
Rio Oso Gem,Peach,,Late,Self-fertile,Canning; Eating Fresh; Espalier; Pies,California 1926,https://www.treesofantiquity.com/products/rio-oso-gem-peach
Silver Logan,Peach,,Midseason,Self-fertile,Canning; Eating Fresh; Espalier; Pies,California 1950's,https://www.treesofantiquity.com/products/silver-logan-peach
Suncrest,Peach,,Midseason,Self-fertile,Canning; Eating Fresh; Espalier; Pies,California 1950's,https://www.treesofantiquity.com/products/suncrest-peach
White Lady,Peach,,Early,Self-fertile,Canning; Eating Fresh; Espalier; Pies,California 1960's,https://www.treesofantiquity.com/products/white-lady-peach
Abate Fetel,Pear,Midseason,Late,Needs pollinator,Eating Fresh,France 1866,https://www.treesofantiquity.com/products/abate-fetal-pear
Atago,Pear,Midseason,Late,Needs pollinator,Eating Fresh,Japan 1915,https://www.treesofantiquity.com/products/atago-pear-tree
B.P. Morettini,Pear,Midseason,Early,Needs pollinator,Eating Fresh,Italy 1900's,https://www.treesofantiquity.com/products/b-p-moretini-pear-tree
Bartlett,Pear,Midseason,Midseason,Self-fertile,Eating Fresh,England 1700`s,https://www.treesofantiquity.com/products/bartlett-pear-tree
Belle Lucrative,Pear,Midseason,Midseason,Needs pollinator,Eating Fresh,Belgium 1825,https://www.treesofantiquity.com/products/belle-lucrative-pear
Belle de Bruxelles,Pear,Midseason,Midseason,Self-fertile,Eating Fresh; Espalier,Germany 1789,https://www.treesofantiquity.com/products/sugar-pear-tree-1
Beurre Hardy,Pear,Midseason,Midseason,Needs pollinator,Eating Fresh,France 1820,https://www.treesofantiquity.com/products/beurre-hardy-pear
Bosc,Pear,Late,Very Late,Needs pollinator,Eating Fresh,Belgium 1807,https://www.treesofantiquity.com/products/bosc-pear-tree
Comice,Pear,Midseason,Very Late,Needs pollinator,Eating Fresh; Espalier,France 1849,https://www.treesofantiquity.com/products/comice-pear
Conference,Pear,Midseason,Late,Self-fertile,Eating Fresh; Espalier,England 1894,https://www.treesofantiquity.com/products/conference-pear
Corsica,Pear,Midseason,Midseason,Needs pollinator,Eating Fresh; Espalier,France 1800,https://www.treesofantiquity.com/products/corsica-pear-tree
D' Anjou,Pear,Midseason,Midseason,Needs pollinator,Eating Fresh; Espalier,Belgium 1800's,https://www.treesofantiquity.com/products/d-anjou-pear-tree
Delectable Duo,Pear,,,,,,https://www.treesofantiquity.com/products/delectable-duo
Duchesse d'Angouleme,Pear,Midseason,Late,Self-fertile,Eating Fresh; Espalier,France 1808,https://www.treesofantiquity.com/products/duchesse-d-angouleme
Duchesse d'Bronzee,Pear,Midseason,Midseason,Needs pollinator,Eating Fresh; Espalier,France 1870,https://www.treesofantiquity.com/products/duchesse-dbronzee
Forelle,Pear,Early,Late,Needs pollinator,Eating Fresh,Germany 1600`s,https://www.treesofantiquity.com/products/forelle-pear
Hendre Huffcap,Pear,Midseason,Late,Needs pollinator,Eating Fresh; Hard Cider,England early 1900's,https://www.treesofantiquity.com/products/hendre-huffcap-pear
Hosui,Pear,Early,Early,Needs pollinator,Eating Fresh,1945 and beyond,https://www.treesofantiquity.com/products/hosui-pear-tree
Kieffer,Pear,Early,Late,Self-fertile,Eating Fresh; Espalier,Pennsylvania 1876,https://www.treesofantiquity.com/products/kieffer-pear
Louise Bonne d'Jersey,Pear,Midseason,Midseason,Needs pollinator,Eating Fresh; Espalier,France 1780,https://www.treesofantiquity.com/products/louise-bonne-djersey
Magness,Pear,Midseason,Late,Needs pollinator (triploid),Eating Fresh; Espalier,1945 and beyond,https://www.treesofantiquity.com/products/magness-pear-tree
Marie Louise,Pear,Midseason,Midseason,Needs pollinator,Eating Fresh; Espalier,Belgium 1809,https://www.treesofantiquity.com/products/copy-of-moonglow-pear
Nijiseiki,Pear,Early,Early,Self-fertile,Eating Fresh; Espalier,Japan 1898,https://www.treesofantiquity.com/products/nijiseiki-pear-tree
Packham's Triumph,Pear,Midseason,Late,Needs pollinator,Eating Fresh,Australia 1896,https://www.treesofantiquity.com/products/packhams-triumph-pear
Passé Crassane,Pear,Midseason,Midseason,Needs pollinator,Eating Fresh; Espalier,France 1845,https://www.treesofantiquity.com/products/atlantic-queen-pear
Red Bartlett,Pear,Midseason,Midseason,Needs pollinator,Eating Fresh,Washington 1938,https://www.treesofantiquity.com/products/red-bartlett-pear-tree
Red Clapp's Favorite,Pear,Midseason,Midseason,Self-fertile,Eating Fresh,Missouri 1950's,https://www.treesofantiquity.com/products/red-clapps-favorite
Red d'Anjou,Pear,Midseason,Midseason,Needs pollinator,Eating Fresh,Oregon 1950's,https://www.treesofantiquity.com/products/red-danjou-pear
Seckel,Pear,Midseason,Midseason,Self-fertile,Eating Fresh; Espalier,East Coast 1790's,https://www.treesofantiquity.com/products/seckel-pear-tree
Shinko,Pear,Early,Late,Needs pollinator,Eating Fresh; Espalier,Japan 1934,https://www.treesofantiquity.com/products/shinko-pear-tree
Shinseiki,Pear,Early,Early,Self-fertile,Eating Fresh; Espalier,Japan 1940's,https://www.treesofantiquity.com/products/shinseiki-pear-tree
Tsu Li,Pear,Early,Late,Self-fertile,Eating Fresh,Japan 1940's,https://www.treesofantiquity.com/products/tsu-li-pear-tree
Warren,Pear,Midseason,Very Late,Self-fertile,Eating Fresh; Espalier,Mississippi 1976,https://www.treesofantiquity.com/products/warren-pear
White Doyenne,Pear,Midseason,Midseason,Needs pollinator,Eating Fresh,Italy 1550,https://www.treesofantiquity.com/products/white-doyenne-pear
Winter Nelis,Pear,Midseason,Very Late,Needs pollinator,Eating Fresh,Belgium 1818,https://www.treesofantiquity.com/products/winter-nelis-pear-tree
Ya Li,Pear,Early,Late,Self-fertile,Eating Fresh,China 1800's,https://www.treesofantiquity.com/products/ya-li-pear-tree
Chocolate,Persimmon,Very Late,Very Late,Self-fertile,Cooking/Sauce; Eating Fresh; Espalier,,https://www.treesofantiquity.com/products/chocolate-persimmon
Fuyu,Persimmon,Very Late,Late,Self-fertile,Cooking/Sauce; Eating Fresh; Espalier,,https://www.treesofantiquity.com/products/fuyu-persimmon
Hachiya,Persimmon,Very Late,Very Late,Self-fertile,Cooking/Sauce; Eating Fresh; Espalier,,https://www.treesofantiquity.com/products/hachiya-persimmon
Honan Red,Persimmon,Very Late,Very Late,Self-fertile,Cooking/Sauce; Eating Fresh; Espalier,China 1800`s,https://www.treesofantiquity.com/products/honan-red-persimmon
Nikitskaya Bordovaya,Persimmon,Very Late,Late,Self-fertile,Cooking/Sauce; Eating Fresh; Espalier,,https://www.treesofantiquity.com/products/nikitskaya-bordovaya
Saijo,Persimmon,Very Late,Late,Self-fertile,Cooking/Sauce; Eating Fresh; Espalier,,https://www.treesofantiquity.com/products/saijo-persimmon
Tamopan,Persimmon,Very Late,Very Late,Self-fertile,Cooking/Sauce; Eating Fresh; Espalier,,https://www.treesofantiquity.com/products/tamopan-persimmon
Bavays Green Gage,Plum,Late,Late,Needs pollinator,Cooking/Sauce; Eating Fresh; Espalier,Belgium 1832,https://www.treesofantiquity.com/products/bavays-green-gage-plum
Blue Damson,Plum,Late,Late,Self-fertile,Cooking/Sauce; Eating Fresh; Espalier,Middle East 1400's,https://www.treesofantiquity.com/products/blue-damson-plum
Coes Golden Drop,Plum,Late,Midseason,Needs pollinator,Cooking/Sauce; Eating Fresh; Espalier,England 1809,https://www.treesofantiquity.com/products/coes-golden-drop
Early Laxton,Plum,Late,Midseason,Self-fertile,Cooking/Sauce; Eating Fresh; Espalier,England 1902,https://www.treesofantiquity.com/products/early-laxton-plum
Elephant Heart,Plum,Early,Very Late,Self-fertile,Cooking/Sauce; Eating Fresh; Espalier,California 1920's,https://www.treesofantiquity.com/products/elephant-heart-plum
French,Plum,Late,Late,Self-fertile,Cooking/Sauce; Dried; Eating Fresh; Espalier,California 1850`s,https://www.treesofantiquity.com/products/french-plum
Golden Nectar,Plum,Early,Late,Self-fertile,Cooking/Sauce; Eating Fresh; Espalier,California 1960's,https://www.treesofantiquity.com/products/golden-nectar-plum
Golden Transparent,Plum,Midseason,Late,Self-fertile,Cooking/Sauce; Eating Fresh; Espalier,England 1894,https://www.treesofantiquity.com/products/golden-transparent-plum
Imperial Prune,Plum,Late,Late,Needs pollinator,Cooking/Sauce; Eating Fresh; Espalier,France 1870's,https://www.treesofantiquity.com/products/imperial-plum
Inca,Plum,Early,Very Early,Needs pollinator,Cooking/Sauce; Eating Fresh; Espalier,Santa Rosa 1919,https://www.treesofantiquity.com/products/inca-plum
Italian,Plum,Very Late,Late,Self-fertile,Cooking/Sauce; Eating Fresh; Espalier,Europe 1850's,https://www.treesofantiquity.com/products/italian-plum
Jefferson,Plum,Late,Midseason,Self-fertile,Cooking/Sauce; Eating Fresh; Espalier,New York 1825,https://www.treesofantiquity.com/products/jefferson-plum
Kirke's Blue,Plum,Late,Late,Self-fertile,Cooking/Sauce; Eating Fresh; Espalier,England 1800's,https://www.treesofantiquity.com/products/blue-damson-plum-copy
Mariposa,Plum,Early,Midseason,Needs pollinator,Cooking/Sauce; Eating Fresh; Espalier,"Pasadena, California 1923",https://www.treesofantiquity.com/products/mariposa-plum
Mirabelle,Plum,Late,Late,Needs pollinator,Cooking/Sauce; Eating Fresh; Espalier,France 1675,https://www.treesofantiquity.com/products/mirabelle-plum
Mirabelle d' Nancy,Plum,Midseason,Late,Needs pollinator,Cooking/Sauce; Eating Fresh; Espalier,France 1800`s,https://www.treesofantiquity.com/products/mirabelle-d-nancy-plum
Mount Royal,Plum,Late,Late,Self-fertile,Canning; Dried; Eating Fresh; Espalier,Canada 1700's,https://www.treesofantiquity.com/products/mt-royal-plum
Oullins,Plum,Late,Late,Self-fertile,Cooking/Sauce; Eating Fresh; Espalier,France 1856,https://www.treesofantiquity.com/products/reine-claude-doree
Pearl,Plum,Late,Midseason,Self-fertile,Cooking/Sauce; Eating Fresh; Espalier,United States 1890's,https://www.treesofantiquity.com/products/pearl-plum
Reine Claude Doree,Plum,Late,Late,Needs pollinator,Cooking/Sauce; Eating Fresh; Espalier,France 1700`s,https://www.treesofantiquity.com/products/reine-claude-doree-1
Santa Rosa,Plum,Early,Midseason,Self-fertile,Cooking/Sauce; Eating Fresh; Espalier,Santa Rosa 1906,https://www.treesofantiquity.com/products/santa-rosa-plum
Satsuma,Plum,Early,Midseason,Self-fertile,Cooking/Sauce; Eating Fresh; Espalier,California 1883,https://www.treesofantiquity.com/products/satsuma-plum
Shiro,Plum,Early,Midseason,Self-fertile,Cooking/Sauce; Eating Fresh; Espalier,California 1899,https://www.treesofantiquity.com/products/shiro-plum
Stanley,Plum,Late,Late,Self-fertile,Cooking/Sauce; Eating Fresh; Espalier,New York 1926,https://www.treesofantiquity.com/products/stanley-plum
Weeping Santa Rosa,Plum,Early,Midseason,Self-fertile,Cooking/Sauce; Eating Fresh; Espalier,California 1900's,https://www.treesofantiquity.com/products/weeping-santa-rosa-plum
Burbank Plumcot,Pluot,Early,Early,Needs pollinator,Eating Fresh,California 1890's,https://www.treesofantiquity.com/products/burbank-plumcot
Dapple Dandy,Pluot,Early,Late,Needs pollinator,Eating Fresh,1945 and beyond,https://www.treesofantiquity.com/products/dapple-dandy-pluot
Flavor Grenade,Pluot,Early,Late,Needs pollinator,Eating Fresh,1945 and beyond,https://www.treesofantiquity.com/products/flavor-grenade-pluot
Flavor King,Pluot,Early,Late,Needs pollinator,Eating Fresh,1945 and beyond,https://www.treesofantiquity.com/products/flavor-king-pluot
Flavor Queen,Pluot,Early,Late,Needs pollinator,Eating Fresh,1945 and beyond,https://www.treesofantiquity.com/products/flavor-queen-pluot
Flavor Supreme,Pluot,Very Early,Early,Needs pollinator,Eating Fresh,1945 and beyond,https://www.treesofantiquity.com/products/flavor-supreme-pluot
Ambrosia,Pomegranate,Very Late,Very Late,Self-fertile,Eating Fresh; Espalier; juice,,https://www.treesofantiquity.com/products/ambrosia-pomegranate
Angel Red,Pomegranate,Very Late,Very Late,Self-fertile,Eating Fresh; Espalier; juice,,https://www.treesofantiquity.com/products/angel-red-pomegranate
Eversweet,Pomegranate,Very Late,Very Late,Self-fertile,Eating Fresh; Espalier; juice,,https://www.treesofantiquity.com/products/eversweet-pomegranate
Grenada,Pomegranate,Very Late,Very Late,Self-fertile,Eating Fresh; Espalier; juice,,https://www.treesofantiquity.com/products/grenada-pomegranate
Kashmir,Pomegranate,Very Late,Very Late,Self-fertile,Eating Fresh; Espalier; juice,,https://www.treesofantiquity.com/products/kashmir-pomegranate
Parfianka,Pomegranate,Very Late,Very Late,Self-fertile,Eating Fresh; Espalier; juice,,https://www.treesofantiquity.com/products/parkfianka-pomegranate
Sweet,Pomegranate,Very Late,Very Late,Self-fertile,Eating Fresh; Espalier; juice,,https://www.treesofantiquity.com/products/sweet-pomegranate
Wonderful,Pomegranate,Very Late,Very Late,Self-fertile,Eating Fresh; Espalier; juice,,https://www.treesofantiquity.com/products/wonderful-pomegranate-copy
Aromatnaya,Quince,Late,Very Late,Self-fertile,Cooking/Sauce; Eating Fresh; Hard Cider; Pies; Sweet Cider,Russia 1800`s,https://www.treesofantiquity.com/products/aromatnaya-tree
Havran,Quince,Late,Very Late,Self-fertile,Cooking/Sauce; Eating Fresh; Hard Cider; Pies; Sweet Cider,Russia 1800`s,https://www.treesofantiquity.com/products/harvan-quince
Pineapple,Quince,Late,Very Late,Self-fertile,Cooking/Sauce; Eating Fresh; Hard Cider; Pies; Sweet Cider,California 1890's,https://www.treesofantiquity.com/products/pineapple-quince
Smyrna,Quince,Late,Very Late,Self-fertile,Cooking/Sauce; Hard Cider; Pies; Sweet Cider,Turkey 1887,https://www.treesofantiquity.com/products/symrna-quince
Van Deman,Quince,Late,Very Late,Self-fertile,Cooking/Sauce; Hard Cider; Pies; Sweet Cider,California 1890's,https://www.treesofantiquity.com/products/van-deman-quince
Skeena,Cherry,Midseason,Midseason,Self-fertile,Eating Fresh,"British Columbia, 1996",https://www.treesofantiquity.com/products/skeena-cherry
Crandall Black Currant,Berry,Early spring,Midsummer,Self-fertile,Eating Fresh; Jams; Juice,"South Dakota, 1900s",https://www.treesofantiquity.com/products/crandall-black-currant
Issai Hardy Kiwi,Vine,Late spring,Late,Self-fertile,Eating Fresh,Japan,https://www.treesofantiquity.com/products/issai-hardy-kiwi
Black Mulberry Bush,Mulberry,Spring,Midsummer,Self-fertile,Eating Fresh; Pies,"Western Asia, ancient",https://www.treesofantiquity.com/products/black-mulberry-bush
Jenny Fuzzy Kiwi,Vine,Late spring,Late,Self-fertile,Eating Fresh,New Zealand,https://www.treesofantiquity.com/products/jenny-fuzzy-kiwi
